Position,Average
1,5.905964096
2,-2.125201598
3,-8.788874746
4,-1.358415726
5,7.812431024
6,-7.21068732
7,-19.02100817
8,-5.994561277
