Position,Average
1,2.036975855
2,-0.209302409
3,-2.884723344
4,-0.535999151
5,3.127570123
6,-1.15655016
7,-6.483645787
8,-1.793133083
