Specimen a,Percentage Fill a,Percentage Change in Stiffness a,Specimen b,Percentage Fill b,Percentage Change in Stiffness b
G17-11 L2 ,35.96,15.14,G17-11 L1 ,33.53,-21.81
G17-11 L3 ,35.94,27.96,G19-11 L1,5.96,15.76
G17-11 L4 ,32.31,47.20,G21-11 L1,3.36,-13.76
G17-11 L5 ,55.72,47.82,G41-11 L1 ,8.30,-1.40
G21-11 L2,9.71,-9.51,G41-11 L2 ,9.38,-0.44
G21-11 L3,8.29,-10.48,G41-11 L5 ,33.54461611,-38.71355409
G41-11 L3 ,15.78,-5.73,,,
G41-11 L4 ,27.20,-9.45,,,
