Specimen,1,2,3,4,5
PC3 +3,1.430743376,0.588970415,1.556699722,-0.551915263,0.130710845
PC3 +2,-28.73861303,-28.36665202,-10.65400407,-6.243378669,-10.77777926
PC3 +1,40.739507,37.78926587,12.72792871,5.178865288,12.39184001
PC1 +0,-1.119363626,-1.214443697,-0.284112408,-0.895872034,0.233505564
PC3 -1,-1.026008253,-1.359393581,0.334096356,0.335485428,1.234094808
PC3 -2,-1.838076442,-0.850125823,0.329285818,0.178381423,1.342462316
PC3 -3,-2.447790348,-1.050683947,-0.137928921,0.069628632,1.371845024
